FILE,SIFIS PLAIN,SIFIS QUANTIZED,CRAP,SKUNK,IGNORED
version.rs,25.980,0.929,46.839,27.805,false
process.rs,0.000,0.000,552.000,92.000,false
lib.rs,0.550,0.015,1237.210,140.400,false
msg.rs,8.708,0.363,111.754,51.273,false
flat.rs,38.519,0.664,58.400,11.410,false
fixture.rs,58.330,1.330,66.059,6.304,false
lib.rs,7.093,0.443,16.000,0.640,false
change.rs,11.014,0.551,29.068,22.642,false
input.rs,84.424,0.670,155.795,62.167,false
build.rs,0.000,0.000,306.000,68.000,false
tidy.rs,84.883,0.840,337.313,115.167,false
testdir.rs,0.000,0.000,240.000,60.000,false
sourcegen.rs,16.746,0.761,22.186,6.400,false
main.rs,3.027,0.098,808.706,115.554,false
support.rs,7.142,0.078,6361.724,331.777,false
global_state.rs,0.000,0.000,3192.000,224.000,false
to_proto.rs,22.039,0.066,89847.807,1242.711,false
handlers.rs,0.000,0.000,239610.000,1956.000,false
semantic_tokens.rs,11.556,0.428,41.688,29.388,false
thread_pool.rs,0.000,0.000,132.000,44.000,false
from_proto.rs,4.846,0.115,1103.125,141.818,false
rustc_wrapper.rs,0.000,0.000,90.000,36.000,false
logger.rs,0.000,0.000,930.000,120.000,false
main.rs,0.417,0.006,4595.670,270.098,false
line_index.rs,0.000,0.000,110.000,40.000,false
main_loop.rs,0.000,0.000,32220.000,716.000,false
mem_docs.rs,0.000,0.000,240.000,60.000,false
to_proto.rs,329.713,3.330,99.005,3.078,false
lib.rs,0.204,0.019,106.170,40.615,false
markdown.rs,29.560,1.095,27.000,1.080,false
op_queue.rs,0.000,0.000,156.000,48.000,false
cargo_target_spec.rs,8.970,0.187,1112.220,148.417,false
reload.rs,12.459,0.093,13000.488,479.639,false
diff.rs,6.848,0.761,9.158,4.500,false
integrated_benchmarks.rs,0.637,0.064,93.278,37.633,false
config.rs,41.627,0.279,22539.423,700.633,false
cli.rs,0.000,0.000,110.000,40.000,false
lsp_ext.rs,0.248,0.005,2496.102,202.364,false
dispatch.rs,0.000,0.000,1892.000,172.000,false
diagnostics.rs,0.447,0.024,345.090,73.467,false
highlight.rs,0.000,0.000,20.000,16.000,false
flags.rs,0.000,0.000,156.000,48.000,false
parse.rs,0.000,0.000,30.000,20.000,false
lsif.rs,0.000,0.000,1806.000,168.000,false
symbols.rs,0.000,0.000,30.000,20.000,false
progress_report.rs,0.000,0.000,380.000,76.000,false
analysis_stats.rs,0.000,0.000,5852.000,304.000,false
load_cargo.rs,22.094,0.789,28.213,7.259,false
ssr.rs,0.000,0.000,650.000,100.000,false
diagnostics.rs,0.000,0.000,210.000,56.000,false
caps.rs,0.000,0.000,306.000,68.000,false
lsp_utils.rs,28.496,0.663,77.371,45.563,false
lib.rs,26.929,0.728,43.598,25.000,false
tests.rs,19.459,1.081,18.000,0.720,false
lib.rs,46.902,0.902,126.672,62.400,false
cfg_expr.rs,27.871,0.784,71.271,39.573,false
dnf.rs,90.151,0.798,121.772,39.882,false
anchored_path.rs,0.091,0.091,1.125,2.000,false
path_interner.rs,5.040,0.560,9.000,0.360,false
tests.rs,0.000,0.000,6.000,8.000,false
file_set.rs,27.036,0.659,41.613,11.714,false
tests.rs,0.000,0.000,30.000,20.000,false
lib.rs,14.388,0.480,49.113,33.231,false
vfs_path.rs,35.921,0.382,226.311,92.676,false
loader.rs,0.349,0.009,1345.612,145.791,false
lib.rs,28.075,0.493,282.097,93.643,false
build.rs,0.000,0.000,56.000,28.000,false
lib.rs,8.500,0.500,24.986,20.558,false
lib.rs,0.500,0.500,1.000,0.040,false
fixture.rs,49.664,1.150,112.947,57.356,false
lib.rs,48.889,0.556,416.032,122.704,false
assert_linear.rs,0.000,0.000,600.000,96.000,false
bench_fixture.rs,0.000,0.000,56.000,28.000,false
lib.rs,5.333,0.254,116.256,50.400,false
cli.rs,0.000,0.000,90.000,36.000,false
dylib.rs,21.543,0.414,97.584,53.333,false
mod.rs,11.797,1.475,8.000,0.320,false
utils.rs,9.281,1.031,9.000,0.360,false
client.rs,0.000,0.000,7140.000,336.000,false
handle.rs,0.000,0.000,306.000,68.000,false
mod.rs,0.000,0.000,2162.000,184.000,false
closure.rs,0.000,0.000,56.000,28.000,false
buffer.rs,0.000,0.000,2652.000,204.000,false
server.rs,0.000,0.000,1980.000,176.000,false
rpc.rs,0.000,0.000,10302.000,404.000,false
scoped_cell.rs,0.000,0.000,506.000,88.000,false
mod.rs,0.000,0.000,31506.000,708.000,false
diagnostic.rs,0.000,0.000,812.000,112.000,false
rustc_server.rs,49.741,0.273,9681.179,480.079,false
mod.rs,0.000,0.000,702.000,104.000,false
client.rs,6.097,0.145,4943.741,296.727,false
handle.rs,9.759,0.574,17.000,0.680,false
mod.rs,4.481,0.097,83.565,48.000,false
closure.rs,2.211,0.316,8.815,9.333,false
buffer.rs,27.143,0.714,41.204,19.826,false
server.rs,14.568,0.375,274.890,86.632,false
rpc.rs,33.799,0.335,699.108,156.950,false
scoped_cell.rs,0.000,0.000,506.000,88.000,false
mod.rs,0.000,0.000,43472.000,832.000,false
diagnostic.rs,0.000,0.000,812.000,112.000,false
quote.rs,0.000,0.000,210.000,56.000,false
rustc_server.rs,100.144,0.530,1667.801,261.527,false
mod.rs,18.286,0.703,26.138,6.118,false
client.rs,0.000,0.000,7140.000,336.000,false
handle.rs,0.000,0.000,306.000,68.000,false
mod.rs,0.000,0.000,1640.000,160.000,false
closure.rs,0.000,0.000,56.000,28.000,false
buffer.rs,0.000,0.000,2550.000,200.000,false
server.rs,0.000,0.000,1980.000,176.000,false
rpc.rs,0.000,0.000,10302.000,404.000,false
scoped_cell.rs,0.000,0.000,506.000,88.000,false
mod.rs,0.000,0.000,29070.000,680.000,false
diagnostic.rs,0.000,0.000,812.000,112.000,false
rustc_server.rs,51.140,0.283,9075.597,468.808,false
mod.rs,0.000,0.000,702.000,104.000,false
client.rs,0.000,0.000,7140.000,336.000,false
handle.rs,0.000,0.000,306.000,68.000,false
mod.rs,0.000,0.000,2162.000,184.000,false
closure.rs,0.000,0.000,56.000,28.000,false
buffer.rs,0.000,0.000,1482.000,152.000,false
server.rs,0.000,0.000,1980.000,176.000,false
rpc.rs,0.000,0.000,10302.000,404.000,false
scoped_cell.rs,0.000,0.000,506.000,88.000,false
mod.rs,0.000,0.000,41006.000,808.000,false
diagnostic.rs,0.000,0.000,812.000,112.000,false
quote.rs,0.000,0.000,210.000,56.000,false
rustc_server.rs,49.966,0.269,10466.264,496.477,false
mod.rs,0.000,0.000,702.000,104.000,false
mod.rs,8.877,0.370,53.674,35.721,false
tests.rs,52.242,1.582,37.024,3.852,false
assist_config.rs,0.000,0.000,2.000,4.000,false
lib.rs,2.291,0.573,4.000,0.160,false
gen_trait_fn_body.rs,129.925,1.500,144.233,12.904,false
suggest_name.rs,140.210,1.140,123.112,9.579,false
add_missing_match_arms.rs,251.988,1.984,127.002,2.690,false
generate_getter.rs,67.500,2.250,30.000,0.283,false
generate_constant.rs,19.710,1.159,17.000,0.680,false
change_visibility.rs,31.479,0.899,35.067,5.316,false
generate_documentation_template.rs,277.671,1.791,155.000,1.346,false
generate_from_impl_for_enum.rs,53.895,1.684,32.000,1.280,false
extract_module.rs,249.329,1.410,237.753,83.859,false
add_return_type.rs,70.800,1.329,59.000,2.360,false
flip_binexpr.rs,27.077,0.967,28.009,2.489,false
replace_string_with_char.rs,39.263,1.571,25.000,1.000,false
promote_local_to_const.rs,38.000,1.000,38.029,4.108,false
flip_comma.rs,14.500,1.036,14.000,0.560,false
generate_enum_projection_method.rs,36.111,1.444,25.000,1.000,false
auto_import.rs,166.348,2.727,61.000,0.249,false
generate_enum_is_method.rs,42.881,2.257,19.000,0.760,false
convert_into_to_from.rs,96.579,2.500,43.017,3.571,false
generate_function.rs,334.747,1.740,198.026,6.892,false
replace_let_with_if_let.rs,11.111,0.926,12.000,0.480,false
extract_type_alias.rs,76.017,1.188,67.016,23.117,false
replace_try_expr_with_match.rs,16.221,1.081,15.000,0.600,false
qualify_path.rs,230.821,2.343,102.000,1.432,false
inline_call.rs,238.115,2.006,131.024,5.894,false
generate_impl.rs,14.318,1.591,9.002,1.000,false
unwrap_result_return_type.rs,157.521,2.625,60.007,3.051,false
reorder_fields.rs,50.565,1.331,38.000,0.916,false
move_bounds.rs,13.108,0.771,17.110,4.928,false
generate_is_empty_from_len.rs,42.629,1.853,23.000,0.920,false
generate_deref.rs,38.195,1.317,29.000,0.712,false
add_lifetime_to_type.rs,41.538,0.923,45.049,5.202,false
move_guard.rs,128.195,2.173,59.000,1.192,false
add_turbo_fish.rs,63.176,1.767,41.003,1.984,false
replace_if_let_with_match.rs,209.513,1.806,116.038,6.586,false
merge_match_arms.rs,42.219,2.010,21.000,0.433,false
move_module_to_file.rs,40.701,1.507,27.000,0.532,false
generate_default_from_enum_variant.rs,25.524,1.595,16.000,0.640,false
add_missing_impl_members.rs,123.965,2.431,51.000,0.494,false
fix_visibility.rs,98.323,1.364,77.098,7.836,false
toggle_ignore.rs,16.828,1.052,16.000,0.640,false
qualify_method_call.rs,77.815,3.113,25.000,1.000,false
wrap_return_type_in_result.rs,144.409,2.777,52.003,2.066,false
convert_to_guarded_return.rs,101.836,2.039,55.003,2.296,false
introduce_named_generic.rs,17.031,1.135,15.000,0.600,false
move_from_mod_rs.rs,13.950,1.163,12.000,0.480,false
extract_struct_from_enum_variant.rs,147.358,1.488,99.004,3.046,false
unmerge_use.rs,32.933,1.267,26.000,1.040,false
convert_iter_for_each_to_for.rs,116.908,1.719,68.011,3.603,false
sort_items.rs,88.057,1.572,56.002,1.996,false
unwrap_block.rs,118.000,2.542,48.000,0.295,false
inline_local_variable.rs,143.949,1.714,84.000,1.252,false
remove_unused_param.rs,77.538,1.385,56.003,2.175,false
raw_string.rs,79.075,1.438,55.000,1.084,false
convert_bool_then.rs,120.628,1.311,92.208,10.702,false
convert_while_to_loop.rs,23.054,1.441,16.000,0.640,false
generate_setter.rs,28.915,1.606,18.000,0.720,false
replace_derive_with_manual_impl.rs,180.484,2.123,85.011,3.905,false
number_representation.rs,26.331,0.940,28.000,1.120,false
remove_dbg.rs,40.089,1.311,41.002,1.843,false
convert_integer_literal.rs,30.231,1.042,29.000,1.160,false
introduce_named_lifetime.rs,58.839,0.965,61.000,0.992,false
generate_derive.rs,19.211,1.011,19.000,0.760,false
convert_tuple_struct_to_named_struct.rs,132.641,2.369,56.000,0.605,false
add_explicit_type.rs,54.118,1.635,39.000,1.560,false
extract_function.rs,909.995,1.712,555.017,56.104,false
invert_if.rs,21.991,0.880,25.005,2.062,false
expand_glob_import.rs,206.068,2.642,78.009,3.550,false
destructure_tuple_binding.rs,332.717,2.210,155.000,1.624,false
generate_default_from_new.rs,104.216,2.542,41.000,0.284,false
extract_variable.rs,162.080,1.858,93.006,3.284,false
generate_delegate_methods.rs,59.138,1.556,38.109,6.431,false
generate_new.rs,47.873,2.176,22.000,0.284,false
replace_qualified_name_with_use.rs,69.898,1.398,50.025,4.286,false
split_import.rs,15.807,0.930,17.000,0.680,false
remove_mut.rs,5.526,0.789,7.012,1.750,false
replace_turbofish_with_explicit_type.rs,40.884,1.703,31.004,2.011,false
merge_imports.rs,47.929,1.452,33.000,1.320,false
move_to_mod_rs.rs,16.693,1.284,13.000,0.520,false
reorder_impl.rs,45.000,1.500,30.002,1.548,false
flip_trait_bound.rs,14.758,0.868,17.000,0.680,false
apply_demorgan.rs,40.937,0.975,42.145,7.304,false
convert_comment_block.rs,64.071,1.643,39.000,1.560,false
pull_assignment_up.rs,111.108,1.658,67.087,7.208,false
utils.rs,171.371,0.865,212.782,28.869,false
assist_context.rs,47.687,0.782,61.000,2.440,false
sourcegen.rs,32.268,1.113,29.005,2.161,false
generated.rs,255.279,2.605,98.000,3.920,false
tests.rs,24.205,0.835,29.018,3.193,false
parser.rs,43.784,1.563,54.058,5.838,false
shortcuts.rs,41.168,0.735,56.010,3.246,false
attributes.rs,14.302,0.953,15.003,1.429,false
generic_args.rs,30.099,0.912,33.000,1.320,false
paths.rs,16.832,1.683,20.016,2.727,false
types.rs,56.425,0.996,61.003,2.179,false
params.rs,40.208,1.058,48.063,5.774,false
atom.rs,128.622,1.115,135.024,5.886,false
generic_params.rs,53.438,0.972,55.069,6.250,false
traits.rs,38.451,1.479,26.000,1.040,false
adt.rs,41.297,1.007,41.037,4.587,false
use_item.rs,22.590,1.426,26.004,1.926,false
consts.rs,10.385,1.154,9.000,0.360,false
patterns.rs,72.459,0.984,80.682,15.172,false
items.rs,93.117,1.246,102.119,9.183,false
expressions.rs,111.600,1.571,114.082,8.422,false
token_set.rs,5.750,0.719,8.208,4.741,false
lexed_str.rs,74.978,1.286,94.947,25.889,false
lib.rs,9.873,0.494,20.006,2.000,false
event.rs,8.542,0.610,14.004,1.514,false
output.rs,8.585,0.660,13.000,0.520,false
generated.rs,23.500,0.417,109.371,43.472,false
grammar.rs,45.551,0.878,58.156,8.335,false
sourcegen_inline_tests.rs,20.222,0.843,24.081,5.000,false
input.rs,9.500,0.679,14.000,0.560,false
syntax_kind.rs,4.091,0.455,9.000,0.360,false
child_by_source.rs,60.073,1.073,77.306,11.468,false
item_scope.rs,72.048,0.819,88.024,5.120,false
src.rs,4.645,0.516,9.000,0.360,false
attr.rs,199.008,0.886,275.586,59.613,false
intern.rs,40.904,0.584,70.969,16.311,false
resolver.rs,184.098,0.850,254.200,26.884,false
find_path.rs,165.016,1.596,121.025,5.774,false
generics.rs,74.368,0.751,99.380,13.403,false
body.rs,41.800,0.633,66.307,10.899,false
item_tree.rs,60.704,0.409,183.697,66.395,false
type_ref.rs,79.982,0.819,128.689,37.379,false
lib.rs,77.310,0.430,258.194,93.652,false
lang_item.rs,25.890,0.575,81.904,47.368,false
per_ns.rs,26.840,0.813,33.112,6.188,false
import_map.rs,196.842,1.323,154.248,13.468,false
dyn_map.rs,6.406,0.246,73.896,43.034,false
adt.rs,50.694,0.676,81.723,31.837,false
test_db.rs,48.462,0.692,71.342,18.182,false
keys.rs,1.435,0.239,6.000,0.240,false
db.rs,1.085,0.271,4.000,0.160,false
nameres.rs,50.775,0.758,67.028,4.945,false
builtin_derive_macro.rs,11.721,1.953,6.000,0.240,false
mbe.rs,176.462,2.846,62.000,2.480,false
meta_syntax.rs,20.308,5.077,4.000,0.160,false
tt_conversion.rs,13.235,2.647,5.000,0.200,false
regression.rs,115.862,6.815,17.000,0.680,false
matching.rs,6.769,1.692,4.000,0.160,false
proc_macros.rs,6.600,2.200,3.000,0.120,false
builtin_fn_macro.rs,45.377,2.836,16.000,0.640,false
lower.rs,44.286,1.206,54.020,4.101,false
lower_use.rs,16.611,1.181,26.346,8.320,false
tests.rs,102.818,2.779,37.000,1.480,false
path_resolution.rs,57.790,1.043,80.634,14.804,false
mod_resolution.rs,24.031,0.775,31.001,1.228,false
primitives.rs,4.667,2.333,2.000,0.080,false
incremental.rs,50.865,1.541,33.000,0.641,false
globs.rs,42.065,3.505,12.000,0.480,false
macros.rs,137.118,3.706,37.000,0.293,false
mod_resolution.rs,102.427,3.104,33.000,1.320,false
diagnostics.rs,8.556,0.713,12.002,1.215,false
collector.rs,271.562,1.146,305.181,43.186,false
proc_macro.rs,11.971,0.544,22.817,10.476,false
trace.rs,4.364,0.485,11.283,10.957,false
builtin_attr.rs,0.241,0.024,10.100,4.000,false
tests.rs,52.315,4.360,12.000,0.480,false
pretty.rs,139.100,1.110,278.072,102.913,false
lower.rs,208.324,1.122,226.022,6.797,false
macro_expansion_tests.rs,74.817,1.471,92.806,16.804,false
data.rs,52.538,0.796,66.130,8.193,false
tests.rs,13.333,1.333,10.000,0.400,false
scope.rs,81.561,1.133,72.004,2.730,false
lower.rs,194.715,1.143,247.214,32.621,false
block.rs,45.982,3.284,14.000,0.560,false
visibility.rs,37.051,0.662,62.373,28.373,false
expr.rs,18.689,0.557,60.705,23.821,false
builtin_type.rs,17.386,0.424,91.641,51.000,false
path.rs,48.531,0.619,95.471,36.131,false
lib.rs,40.303,0.806,50.457,11.348,false
memory_usage.rs,0.000,0.000,812.000,112.000,false
hprof.rs,2.957,0.043,3907.281,255.650,false
lib.rs,0.237,0.013,324.004,70.642,false
tree.rs,0.000,0.000,420.000,80.000,false
stop_watch.rs,0.000,0.000,650.000,100.000,false
lib.rs,3.500,0.318,26.125,22.000,false
manifest_path.rs,5.281,0.406,13.401,6.933,false
tests.rs,388.726,14.397,27.000,1.080,false
build_scripts.rs,0.282,0.006,1939.100,174.752,false
lib.rs,13.746,0.352,222.493,77.082,false
project_json.rs,8.830,0.327,62.698,39.512,false
sysroot.rs,27.055,0.530,163.233,71.552,false
rustc_cfg.rs,8.711,0.622,16.821,13.622,false
cfg_flag.rs,7.714,0.429,25.112,20.160,false
cargo_workspace.rs,39.810,0.452,426.534,124.000,false
workspace.rs,98.259,0.728,2117.120,280.109,false
lib.rs,57.517,0.533,190.377,82.884,false
buffer.rs,35.955,0.642,58.189,19.871,false
tests.rs,31.823,0.936,34.000,0.712,false
lib.rs,4.857,0.374,36.918,27.099,false
render.rs,284.744,2.072,146.001,2.246,false
item.rs,81.406,0.838,107.797,23.017,false
patterns.rs,57.266,0.970,77.152,9.089,false
context.rs,152.709,0.926,165.589,18.392,false
completions.rs,35.021,0.761,46.478,11.208,false
snippet.rs,21.964,0.732,30.438,9.438,false
config.rs,3.520,0.440,8.000,0.320,false
pattern.rs,42.115,2.217,19.000,0.760,false
type_pos.rs,24.250,3.031,8.000,0.320,false
item_list.rs,32.158,2.474,13.000,0.520,false
attribute.rs,111.877,2.283,49.000,1.960,false
item.rs,21.571,2.397,9.000,0.360,false
flyimport.rs,103.133,3.033,34.000,1.360,false
predicate.rs,18.667,2.333,8.000,0.320,false
proc_macros.rs,19.579,3.263,6.000,0.240,false
expression.rs,65.902,4.393,15.000,0.600,false
visibility.rs,8.611,1.722,5.000,0.200,false
record.rs,22.400,2.800,8.000,0.320,false
fn_param.rs,19.714,1.971,10.000,0.400,false
use_tree.rs,31.220,2.081,15.000,0.600,false
pattern.rs,20.000,1.143,28.085,5.333,false
cfg.rs,5.124,0.270,34.658,26.703,false
lint.rs,19.643,0.786,25.163,6.383,false
repr.rs,7.968,0.419,21.380,14.250,false
derive.rs,27.281,0.758,36.081,5.703,false
qualified_path.rs,159.136,1.811,106.174,10.565,false
lifetime.rs,49.568,1.458,34.000,1.360,false
attribute.rs,27.645,0.601,55.814,18.439,false
dot.rs,122.919,1.983,62.001,1.805,false
postfix.rs,78.425,1.588,64.062,6.334,false
keyword.rs,73.679,1.833,59.023,4.436,false
mod_.rs,62.918,1.234,51.144,7.780,false
flyimport.rs,39.619,0.782,59.472,23.172,false
snippet.rs,27.317,0.976,28.026,3.613,false
trait_impl.rs,173.185,2.044,87.026,5.242,false
unqualified_path.rs,82.101,1.582,59.001,1.781,false
format_like.rs,34.880,1.193,43.124,6.985,false
record.rs,46.160,2.198,21.000,0.840,false
fn_param.rs,12.121,0.758,16.192,5.818,false
pattern.rs,25.226,0.788,32.089,5.664,false
type_alias.rs,6.857,0.857,8.001,0.865,false
function.rs,50.838,1.541,33.000,1.320,false
builder_ext.rs,24.062,0.688,35.148,6.914,false
macro_.rs,51.377,1.317,39.009,2.786,false
struct_literal.rs,17.553,0.763,24.682,13.529,false
enum_variant.rs,13.960,0.931,15.000,0.600,false
const_.rs,6.087,0.870,7.005,1.333,false
tls.rs,0.000,0.000,812.000,112.000,false
consteval.rs,60.910,0.668,1290.447,221.187,false
tests.rs,107.771,1.086,126.946,28.594,false
display.rs,282.623,0.902,6388.648,576.779,false
walk.rs,0.000,0.000,3906.000,248.000,false
builder.rs,35.055,0.746,47.170,8.000,false
chalk_ext.rs,59.126,0.469,658.166,162.505,false
traits.rs,20.562,0.541,58.058,36.538,false
match_check.rs,33.256,0.526,420.493,121.846,false
deconstruct_pat.rs,142.017,0.835,393.328,135.095,false
pat_util.rs,5.500,0.500,11.000,0.440,false
usefulness.rs,65.676,0.791,83.982,17.343,false
decl_check.rs,106.057,0.768,160.393,55.086,false
unsafe_check.rs,18.453,0.802,23.000,0.920,false
case_conv.rs,50.667,1.034,49.005,2.545,false
expr.rs,96.744,0.945,118.487,15.433,false
lib.rs,35.483,0.623,69.318,35.553,false
interner.rs,34.810,0.405,1010.500,172.000,false
autoderef.rs,35.074,0.779,45.420,10.651,false
method_resolution.rs,182.320,0.941,212.536,32.425,false
test_db.rs,27.542,0.626,45.873,17.407,false
coerce.rs,96.922,1.176,103.019,23.543,false
unify.rs,95.538,0.790,134.726,47.370,false
closure.rs,13.206,0.825,16.013,2.370,false
pat.rs,68.376,1.310,85.450,13.480,false
expr.rs,248.641,1.254,321.579,67.320,false
path.rs,44.283,0.992,58.961,19.268,false
utils.rs,62.857,0.786,80.711,15.385,false
lower.rs,258.122,0.982,323.945,66.611,false
db.rs,2.822,0.282,10.569,7.143,false
primitive.rs,29.815,0.852,35.000,1.400,false
chalk_db.rs,108.814,0.812,184.661,75.739,false
coercion.rs,104.789,2.911,36.000,1.440,false
traits.rs,500.317,4.169,120.000,4.800,false
incremental.rs,6.857,1.143,6.000,0.240,false
macros.rs,167.127,3.556,47.010,3.141,false
method_resolution.rs,208.965,3.542,59.000,2.360,false
never_type.rs,65.581,3.279,20.000,0.800,false
patterns.rs,118.229,4.729,25.000,1.000,false
simple.rs,336.568,4.548,74.000,2.960,false
regression.rs,160.799,3.496,46.000,1.840,false
display_source_code.rs,28.904,3.212,9.000,0.360,false
mapping.rs,26.017,0.605,49.615,26.306,false
infer.rs,137.429,0.750,208.126,42.945,false
builtin_derive_macro.rs,19.661,0.578,65.212,40.800,false
hygiene.rs,46.038,0.639,73.320,18.254,false
ast_id_map.rs,32.042,0.641,50.187,8.421,false
eager.rs,36.800,0.800,46.605,12.120,false
builtin_attr_macro.rs,2.609,0.290,22.145,19.636,false
lib.rs,127.240,0.703,207.120,46.939,false
db.rs,88.330,0.869,122.357,29.459,false
name.rs,10.423,0.208,50.509,11.765,false
builtin_fn_macro.rs,72.895,0.729,160.313,72.811,false
quote.rs,12.648,0.436,29.000,1.160,false
proc_macro.rs,7.636,0.509,21.075,18.000,false
from_id.rs,78.268,0.525,190.694,73.532,false
has_source.rs,36.724,0.517,71.088,7.377,false
display.rs,178.676,1.046,297.707,85.610,false
lib.rs,600.502,0.796,1984.723,395.477,false
attrs.rs,18.506,0.494,240.890,84.848,false
source_to_def.rs,60.308,0.718,87.212,25.846,false
semantics.rs,252.568,0.842,317.107,68.997,false
db.rs,1.200,0.400,3.000,0.120,false
source_analyzer.rs,198.669,1.089,230.627,28.784,false
diagnostics.rs,0.042,0.021,4.630,6.957,false
markdown_remove.rs,0.000,0.000,42.000,24.000,false
moniker.rs,54.804,1.617,46.028,4.329,false
goto_definition.rs,233.133,2.620,103.000,0.630,false
move_item.rs,101.324,1.949,52.000,0.522,false
goto_type_definition.rs,50.947,1.592,32.023,3.598,false
call_info.rs,101.289,1.746,58.001,1.539,false
view_hir.rs,0.000,0.000,42.000,24.000,false
syntax_highlighting.rs,38.862,1.264,54.174,8.447,false
annotations.rs,172.786,3.067,59.074,6.530,false
tests.rs,38.519,1.541,25.021,3.235,false
intra_doc_links.rs,15.836,0.754,21.032,3.500,false
fn_references.rs,14.316,1.193,12.000,0.480,false
rename.rs,355.855,1.988,179.136,11.580,false
fixture.rs,10.690,0.972,11.000,0.440,false
lib.rs,65.154,0.456,1467.053,229.689,false
file_structure.rs,84.825,2.651,32.000,0.509,false
doc_links.rs,100.188,1.346,131.318,40.305,false
view_crate_graph.rs,0.000,0.000,420.000,80.000,false
expand_macro.rs,67.247,1.601,42.069,5.695,false
matching_brace.rs,14.407,0.847,17.000,0.680,false
parent_module.rs,24.720,1.301,19.000,0.760,false
syntax_tree.rs,42.500,2.500,17.002,1.378,false
highlight.rs,202.918,1.149,433.855,139.655,false
tests.rs,117.286,4.511,26.135,6.083,false
inject.rs,57.000,1.198,85.364,37.755,false
injector.rs,13.000,0.591,22.176,6.286,false
macro_.rs,28.421,0.711,40.003,1.951,false
format.rs,11.321,0.755,15.000,0.600,false
highlights.rs,16.053,0.803,20.000,0.800,false
html.rs,6.727,0.841,8.000,0.320,false
tags.rs,58.437,0.751,133.393,43.412,false
tests.rs,446.037,3.163,141.000,5.640,false
render.rs,122.150,1.042,146.478,16.472,false
extend_selection.rs,129.844,1.333,116.135,10.014,false
navigation_target.rs,139.008,0.799,189.347,44.068,false
runnables.rs,475.637,2.856,169.502,17.582,false
shuffle_crate_graph.rs,0.000,0.000,72.000,32.000,false
join_lines.rs,201.571,1.961,115.026,5.780,false
markup.rs,6.036,0.464,14.114,9.750,false
references.rs,246.105,1.850,133.024,5.907,false
typing.rs,97.708,1.458,67.778,14.942,false
status.rs,0.000,0.000,1406.000,148.000,false
highlight_related.rs,248.158,2.064,140.109,9.917,false
ssr.rs,21.386,2.139,10.000,0.400,false
view_item_tree.rs,0.000,0.000,6.000,8.000,false
inlay_hints.rs,395.980,1.885,214.208,14.182,false
goto_declaration.rs,13.395,0.837,16.178,5.671,false
on_enter.rs,97.859,1.529,64.007,3.036,false
call_hierarchy.rs,96.164,1.414,68.307,11.018,false
static_index.rs,40.329,0.807,51.271,15.962,false
goto_implementation.rs,60.448,1.634,37.013,3.094,false
hover.rs,73.523,1.410,88.141,9.263,false
prime_caches.rs,0.000,0.000,42.000,24.000,false
folding_ranges.rs,107.864,1.397,89.011,3.947,false
parser.rs,33.071,0.781,121.437,61.496,false
tt_iter.rs,42.652,1.000,62.032,5.010,false
lib.rs,72.947,0.695,107.578,25.877,false
to_parser_input.rs,29.345,1.494,37.099,6.167,false
transcriber.rs,36.400,0.743,53.533,24.225,false
matcher.rs,162.355,1.080,230.212,50.695,false
benchmark.rs,2.887,0.052,2712.900,211.957,false
token_map.rs,16.446,0.783,21.002,1.273,false
syntax_bridge.rs,133.538,1.075,168.288,14.580,false
expander.rs,5.077,0.635,8.000,0.320,false
lib.rs,0.217,0.003,3972.762,250.740,false
lib.rs,12.190,0.762,27.944,23.040,false
algo.rs,44.754,0.714,2552.184,240.314,false
tests.rs,0.000,0.000,1892.000,172.000,false
ted.rs,57.880,0.815,71.088,7.377,false
display.rs,20.883,0.870,24.320,7.890,false
token_text.rs,18.976,0.422,78.704,45.957,false
parsing.rs,12.250,0.942,13.001,1.040,false
syntax_node.rs,8.189,0.585,14.135,4.941,false
block.rs,3.429,0.429,10.915,11.429,false
lib.rs,14.811,0.260,990.199,150.433,false
ptr.rs,16.964,0.530,44.148,29.193,false
utils.rs,1.189,0.297,6.543,8.667,false
validation.rs,51.583,0.482,589.582,148.952,false
reparsing.rs,19.333,0.372,936.463,143.314,false
fuzz.rs,0.000,0.000,272.000,64.000,false
sourcegen_ast.rs,0.000,0.000,35910.000,756.000,false
ast_src.rs,0.000,0.000,2.000,4.000,false
syntax_error.rs,6.375,0.708,9.000,0.360,false
ast.rs,3.668,0.118,697.539,109.763,false
expr_ext.rs,74.846,0.638,292.756,110.913,false
traits.rs,17.386,0.511,39.352,22.667,false
node_ext.rs,196.455,0.604,450.660,137.748,false
make.rs,193.352,0.879,245.723,71.281,false
edit.rs,32.437,0.662,73.421,42.467,false
nodes.rs,908.157,0.375,344406.508,3882.066,false
tokens.rs,23.393,0.366,188.029,79.792,false
edit_in_place.rs,119.000,0.583,1025.066,220.494,false
generated.rs,7.917,0.528,15.000,0.600,false
token_ext.rs,136.711,1.019,243.770,87.176,false
operators.rs,7.451,0.196,337.346,89.959,false
lib.rs,31.551,0.376,760.758,153.803,false
panic_context.rs,8.462,0.564,20.506,17.419,false
process.rs,0.000,0.000,2970.000,216.000,false
lib.rs,25.882,0.471,400.917,106.784,false
macros.rs,1.200,0.171,7.000,0.280,false
tests.rs,162.005,1.705,95.015,4.506,false
parsing.rs,79.339,0.721,112.170,24.812,false
lib.rs,33.725,0.592,72.847,38.667,false
from_comment.rs,2.857,0.571,5.011,1.538,false
resolving.rs,49.311,0.657,76.695,20.112,false
search.rs,51.000,0.927,55.009,3.188,false
nester.rs,18.065,0.903,20.000,0.800,false
replacing.rs,37.786,0.821,46.553,11.767,false
matching.rs,132.166,0.820,219.365,70.253,false
errors.rs,1.714,0.286,6.105,3.429,false
path_transform.rs,35.676,0.743,48.043,5.097,false
items_locator.rs,24.331,0.760,32.725,11.406,false
ty_filter.rs,14.771,0.671,22.033,3.592,false
line_index.rs,22.623,0.754,30.009,2.553,false
defs.rs,151.079,1.004,233.275,57.175,false
rename.rs,112.538,1.098,182.614,68.955,false
traits.rs,17.692,0.769,23.004,1.804,false
tests.rs,10.619,1.062,10.000,0.400,false
lib.rs,15.897,0.397,43.259,20.282,false
assists.rs,7.111,0.222,207.583,71.111,false
label.rs,8.471,0.471,20.592,14.400,false
insert_use.rs,87.762,0.863,223.196,91.960,false
rust_doc.rs,15.000,0.750,21.638,12.800,false
import_assets.rs,107.037,0.770,141.199,26.943,false
generated_lints.rs,0.000,0.000,1.000,0.040,false
node_ext.rs,49.592,1.042,79.248,29.183,false
insert_whitespace_into_node.rs,34.660,1.466,42.160,7.551,false
famous_defs.rs,43.398,0.789,57.212,19.820,false
merge_imports.rs,96.427,1.087,120.070,35.379,false
tests.rs,109.434,1.368,80.000,3.200,false
tests.rs,15.158,1.684,9.000,0.360,false
apply_change.rs,1.523,0.169,56.503,30.133,false
search.rs,161.541,0.928,235.128,59.721,false
active_parameter.rs,15.466,0.672,23.193,6.571,false
symbol_index.rs,128.181,0.838,238.205,91.542,false
sourcegen_lints.rs,0.000,0.000,2162.000,184.000,false
source_change.rs,13.895,0.579,24.995,11.520,false
helpers.rs,68.317,0.806,133.597,55.569,false
tests.rs,14.714,0.866,17.000,0.654,false
lib.rs,26.665,0.916,43.078,5.983,false
add_reference_here.rs,21.538,1.795,12.000,0.480,false
missing_fields.rs,80.621,2.179,37.000,0.357,false
unresolved_proc_macro.rs,0.000,0.000,30.000,20.000,false
unimplemented_builtin_macro.rs,0.000,0.000,6.000,8.000,false
unlinked_file.rs,55.464,1.387,40.001,1.181,false
replace_filter_map_next_with_find_map.rs,20.192,1.346,15.000,0.600,false
unresolved_macro_call.rs,15.231,1.269,12.000,0.480,false
no_such_field.rs,63.718,1.965,39.227,8.278,false
unresolved_import.rs,13.412,2.235,6.000,0.240,false
break_outside_of_loop.rs,3.619,0.905,4.000,0.160,false
malformed_derive.rs,3.391,1.130,3.000,0.120,false
useless_braces.rs,20.293,1.561,13.000,0.520,false
invalid_derive_target.rs,3.391,1.130,3.000,0.120,false
missing_unsafe.rs,16.917,2.417,7.000,0.280,false
incorrect_case.rs,68.671,2.081,33.000,1.320,false
missing_ok_or_some_in_tail_expr.rs,32.000,2.000,16.000,0.640,false
missing_match_arms.rs,141.136,3.136,45.000,1.800,false
unresolved_module.rs,12.490,1.784,7.000,0.280,false
macro_error.rs,22.857,2.540,9.000,0.360,false
unresolved_extern_crate.rs,6.607,1.321,5.000,0.200,false
mismatched_arg_count.rs,63.776,2.126,30.007,2.323,false
inactive_code.rs,14.902,1.863,8.000,0.333,false
remove_this_semicolon.rs,8.644,0.864,10.001,0.769,false
field_shorthand.rs,27.360,1.368,20.001,0.925,false
sourcegen.rs,15.400,0.733,21.469,8.571,false
lib.rs,43.000,0.500,165.261,75.843,false
map.rs,14.275,0.549,35.729,25.297,false
flags.rs,0.000,0.000,210.000,56.000,false
metrics.rs,0.000,0.000,3422.000,232.000,false
dist.rs,0.000,0.000,2162.000,184.000,false
release.rs,0.000,0.000,1482.000,152.000,false
install.rs,0.000,0.000,1892.000,172.000,false
main.rs,0.000,0.000,870.000,116.000,false
changelog.rs,0.000,0.000,1260.000,140.000,false
AVG,57.186,1.013,1924.286,63.587,false
MIN,0.000,0.000,1.000,0.040,false
MAX,909.995,14.397,344406.508,3882.066,false
LIST OF IGNORED FILES,----------,----------,----------,----------,----------
crc32_table.rs,0.000,0.000,0.000,0.000,true
tag.rs,0.000,0.000,0.000,0.000,true
probe.rs,0.000,0.000,0.000,0.000,true
crc32_table.rs,0.000,0.000,0.000,0.000,true
tag.rs,0.000,0.000,0.000,0.000,true
minicore.rs,0.000,0.000,0.000,0.000,true
0048_double_fish.rs,0.000,0.000,0.000,0.000,true
0021_incomplete_param.rs,0.000,0.000,0.000,0.000,true
0010_unsafe_lambda_block.rs,0.000,0.000,0.000,0.000,true
0036_partial_use.rs,0.000,0.000,0.000,0.000,true
0001_item_recovery_in_file.rs,0.000,0.000,0.000,0.000,true
0035_use_recover.rs,0.000,0.000,0.000,0.000,true
0000_struct_field_missing_comma.rs,0.000,0.000,0.000,0.000,true
0044_item_modifiers.rs,0.000,0.000,0.000,0.000,true
0024_many_type_parens.rs,0.000,0.000,0.000,0.000,true
0017_incomplete_binexpr.rs,0.000,0.000,0.000,0.000,true
0011_extern_struct.rs,0.000,0.000,0.000,0.000,true
0022_bad_exprs.rs,0.000,0.000,0.000,0.000,true
0033_match_arms_outer_attrs.rs,0.000,0.000,0.000,0.000,true
0003_C++_semicolon.rs,0.000,0.000,0.000,0.000,true
0018_incomplete_fn.rs,0.000,0.000,0.000,0.000,true
0039_lambda_recovery.rs,0.000,0.000,0.000,0.000,true
0019_let_recover.rs,0.000,0.000,0.000,0.000,true
0042_weird_blocks.rs,0.000,0.000,0.000,0.000,true
0020_fn_recover.rs,0.000,0.000,0.000,0.000,true
0002_duplicate_shebang.rs,0.000,0.000,0.000,0.000,true
0043_unexpected_for_type.rs,0.000,0.000,0.000,0.000,true
0032_match_arms_inner_attrs.rs,0.000,0.000,0.000,0.000,true
0025_nope.rs,0.000,0.000,0.000,0.000,true
0034_bad_box_pattern.rs,0.000,0.000,0.000,0.000,true
0006_named_field_recovery.rs,0.000,0.000,0.000,0.000,true
0009_broken_struct_type_parameter.rs,0.000,0.000,0.000,0.000,true
0004_use_path_bad_segment.rs,0.000,0.000,0.000,0.000,true
0016_missing_semi.rs,0.000,0.000,0.000,0.000,true
0029_field_completion.rs,0.000,0.000,0.000,0.000,true
0015_curly_in_params.rs,0.000,0.000,0.000,0.000,true
0008_item_block_recovery.rs,0.000,0.000,0.000,0.000,true
0027_incomplere_where_for.rs,0.000,0.000,0.000,0.000,true
0023_mismatched_paren.rs,0.000,0.000,0.000,0.000,true
0005_attribute_recover.rs,0.000,0.000,0.000,0.000,true
0013_invalid_type.rs,0.000,0.000,0.000,0.000,true
0026_imp_recovery.rs,0.000,0.000,0.000,0.000,true
0007_stray_curly_in_file.rs,0.000,0.000,0.000,0.000,true
0014_where_no_bounds.rs,0.000,0.000,0.000,0.000,true
0047_repated_extern_modifier.rs,0.000,0.000,0.000,0.000,true
0013_anonymous_static.rs,0.000,0.000,0.000,0.000,true
0007_async_without_semicolon.rs,0.000,0.000,0.000,0.000,true
0015_empty_segment.rs,0.000,0.000,0.000,0.000,true
0003_pointer_type_no_mutability.rs,0.000,0.000,0.000,0.000,true
0008_pub_expr.rs,0.000,0.000,0.000,0.000,true
0014_record_literal_before_ellipsis_recovery.rs,0.000,0.000,0.000,0.000,true
0015_missing_fn_param_type.rs,0.000,0.000,0.000,0.000,true
0006_unsafe_block_in_mod.rs,0.000,0.000,0.000,0.000,true
0001_array_type_missing_semi.rs,0.000,0.000,0.000,0.000,true
0002_misplaced_label_err.rs,0.000,0.000,0.000,0.000,true
0005_fn_pointer_type_missing_fn.rs,0.000,0.000,0.000,0.000,true
0014_struct_field_recover.rs,0.000,0.000,0.000,0.000,true
0004_impl_type.rs,0.000,0.000,0.000,0.000,true
0142_for_range_from.rs,0.000,0.000,0.000,0.000,true
0163_default_unsafe_item.rs,0.000,0.000,0.000,0.000,true
0013_pointer_type_mut.rs,0.000,0.000,0.000,0.000,true
0143_box_pat.rs,0.000,0.000,0.000,0.000,true
0159_try_macro_fallback.rs,0.000,0.000,0.000,0.000,true
0152_arg_with_attr.rs,0.000,0.000,0.000,0.000,true
0184_generic_param_list.rs,0.000,0.000,0.000,0.000,true
0164_type_path_in_pattern.rs,0.000,0.000,0.000,0.000,true
0006_self_param.rs,0.000,0.000,0.000,0.000,true
0051_unit_type.rs,0.000,0.000,0.000,0.000,true
0076_function_where_clause.rs,0.000,0.000,0.000,0.000,true
0164_default_item.rs,0.000,0.000,0.000,0.000,true
0157_const_block.rs,0.000,0.000,0.000,0.000,true
0157_variant_discriminant.rs,0.000,0.000,0.000,0.000,true
0102_record_pat_field_list.rs,0.000,0.000,0.000,0.000,true
0074_stmt_postfix_expr_ambiguity.rs,0.000,0.000,0.000,0.000,true
0028_impl_trait_type.rs,0.000,0.000,0.000,0.000,true
0138_expression_after_block.rs,0.000,0.000,0.000,0.000,true
0052_path_type.rs,0.000,0.000,0.000,0.000,true
0177_assoc_item_list_inner_attrs.rs,0.000,0.000,0.000,0.000,true
0064_if_expr.rs,0.000,0.000,0.000,0.000,true
0120_match_arms_inner_attribute.rs,0.000,0.000,0.000,0.000,true
0183_const_arg_block.rs,0.000,0.000,0.000,0.000,true
0138_self_param_outer_attr.rs,0.000,0.000,0.000,0.000,true
0005_function_type_params.rs,0.000,0.000,0.000,0.000,true
0177_trait_alias_where_clause.rs,0.000,0.000,0.000,0.000,true
0082_ref_expr.rs,0.000,0.000,0.000,0.000,true
0172_const_item.rs,0.000,0.000,0.000,0.000,true
0048_path_type_with_bounds.rs,0.000,0.000,0.000,0.000,true
0154_tuple_attrs.rs,0.000,0.000,0.000,0.000,true
0153_pub_parens_typepath.rs,0.000,0.000,0.000,0.000,true
0040_crate_keyword_vis.rs,0.000,0.000,0.000,0.000,true
0156_fn_def_param.rs,0.000,0.000,0.000,0.000,true
0188_const_arg_path.rs,0.000,0.000,0.000,0.000,true
0018_arb_self_types.rs,0.000,0.000,0.000,0.000,true
0062_mod_contents.rs,0.000,0.000,0.000,0.000,true
0194_let_else.rs,0.000,0.000,0.000,0.000,true
0151_trait_alias.rs,0.000,0.000,0.000,0.000,true
0123_param_list_vararg.rs,0.000,0.000,0.000,0.000,true
0150_array_attrs.rs,0.000,0.000,0.000,0.000,true
0088_break_ambiguity.rs,0.000,0.000,0.000,0.000,true
0092_fn_pointer_type_with_ret.rs,0.000,0.000,0.000,0.000,true
0190_generic_arg.rs,0.000,0.000,0.000,0.000,true
0086_function_ret_type.rs,0.000,0.000,0.000,0.000,true
0160_crate_visibility_in.rs,0.000,0.000,0.000,0.000,true
0015_continue_expr.rs,0.000,0.000,0.000,0.000,true
0174_trait_item_generic_params.rs,0.000,0.000,0.000,0.000,true
0183_type_param.rs,0.000,0.000,0.000,0.000,true
0022_crate_visibility.rs,0.000,0.000,0.000,0.000,true
0170_mod_item_curly.rs,0.000,0.000,0.000,0.000,true
0162_unsafe_block.rs,0.000,0.000,0.000,0.000,true
0025_slice_type.rs,0.000,0.000,0.000,0.000,true
0014_never_type.rs,0.000,0.000,0.000,0.000,true
0010_extern_block.rs,0.000,0.000,0.000,0.000,true
0173_macro_def_curly.rs,0.000,0.000,0.000,0.000,true
0165_const_param_defaults.rs,0.000,0.000,0.000,0.000,true
0174_unit_struct.rs,0.000,0.000,0.000,0.000,true
0132_box_expr.rs,0.000,0.000,0.000,0.000,true
0161_impl_item_const.rs,0.000,0.000,0.000,0.000,true
0011_field_expr.rs,0.000,0.000,0.000,0.000,true
0158_macro_rules_non_brace.rs,0.000,0.000,0.000,0.000,true
0067_crate_path.rs,0.000,0.000,0.000,0.000,true
0177_use_tree.rs,0.000,0.000,0.000,0.000,true
0046_singleton_tuple_type.rs,0.000,0.000,0.000,0.000,true
0162_default_async_unsafe_fn.rs,0.000,0.000,0.000,0.000,true
0038_full_range_expr.rs,0.000,0.000,0.000,0.000,true
0137_await_expr.rs,0.000,0.000,0.000,0.000,true
0184_const_arg.rs,0.000,0.000,0.000,0.000,true
0169_mod_item.rs,0.000,0.000,0.000,0.000,true
0007_type_param_bounds.rs,0.000,0.000,0.000,0.000,true
0147_const_param.rs,0.000,0.000,0.000,0.000,true
0058_range_pat.rs,0.000,0.000,0.000,0.000,true
0178_use_tree_path_use_tree.rs,0.000,0.000,0.000,0.000,true
0070_stmt_bin_expr_ambiguity.rs,0.000,0.000,0.000,0.000,true
0171_struct_item.rs,0.000,0.000,0.000,0.000,true
0004_value_parameters_no_patterns.rs,0.000,0.000,0.000,0.000,true
0030_cond.rs,0.000,0.000,0.000,0.000,true
0081_for_type.rs,0.000,0.000,0.000,0.000,true
0009_loop_expr.rs,0.000,0.000,0.000,0.000,true
0185_assoc_type_bound.rs,0.000,0.000,0.000,0.000,true
0073_type_item_type_params.rs,0.000,0.000,0.000,0.000,true
0145_record_pat_field.rs,0.000,0.000,0.000,0.000,true
0050_fn_decl.rs,0.000,0.000,0.000,0.000,true
0189_const_arg_literal.rs,0.000,0.000,0.000,0.000,true
0109_label.rs,0.000,0.000,0.000,0.000,true
0156_or_pattern.rs,0.000,0.000,0.000,0.000,true
0181_use_item.rs,0.000,0.000,0.000,0.000,true
0113_nocontentexpr.rs,0.000,0.000,0.000,0.000,true
0104_path_fn_trait_args.rs,0.000,0.000,0.000,0.000,true
0078_type_alias.rs,0.000,0.000,0.000,0.000,true
0163_default_async_fn.rs,0.000,0.000,0.000,0.000,true
0158_binop_resets_statementness.rs,0.000,0.000,0.000,0.000,true
0063_impl_item_neg.rs,0.000,0.000,0.000,0.000,true
0125_crate_keyword_path.rs,0.000,0.000,0.000,0.000,true
0154_no_dyn_trait_leading_for.rs,0.000,0.000,0.000,0.000,true
0075_block.rs,0.000,0.000,0.000,0.000,true
0182_lifetime_param.rs,0.000,0.000,0.000,0.000,true
0144_dot_dot_pat.rs,0.000,0.000,0.000,0.000,true
0194_macro_inside_generic_arg.rs,0.000,0.000,0.000,0.000,true
0093_index_expr.rs,0.000,0.000,0.000,0.000,true
0158_lambda_ret_block.rs,0.000,0.000,0.000,0.000,true
0192_const_arg_bool_literal.rs,0.000,0.000,0.000,0.000,true
0193_let_stmt_init.rs,0.000,0.000,0.000,0.000,true
0176_trait_item_where_clause.rs,0.000,0.000,0.000,0.000,true
0077_try_expr.rs,0.000,0.000,0.000,0.000,true
0024_slice_pat.rs,0.000,0.000,0.000,0.000,true
0045_param_list_opt_patterns.rs,0.000,0.000,0.000,0.000,true
0131_existential_type.rs,0.000,0.000,0.000,0.000,true
0130_let_stmt.rs,0.000,0.000,0.000,0.000,true
0053_path_expr.rs,0.000,0.000,0.000,0.000,true
0180_use_tree_path_star.rs,0.000,0.000,0.000,0.000,true
0084_paren_type.rs,0.000,0.000,0.000,0.000,true
0034_break_expr.rs,0.000,0.000,0.000,0.000,true
0155_closure_params.rs,0.000,0.000,0.000,0.000,true
0196_pub_tuple_field.rs,0.000,0.000,0.000,0.000,true
0037_qual_paths.rs,0.000,0.000,0.000,0.000,true
0121_match_arms_outer_attributes.rs,0.000,0.000,0.000,0.000,true
0176_use_tree_alias.rs,0.000,0.000,0.000,0.000,true
0066_match_arm.rs,0.000,0.000,0.000,0.000,true
0117_macro_call_type.rs,0.000,0.000,0.000,0.000,true
0054_record_field_attrs.rs,0.000,0.000,0.000,0.000,true
0003_where_pred_for.rs,0.000,0.000,0.000,0.000,true
0175_trait_item_bounds.rs,0.000,0.000,0.000,0.000,true
0138_associated_type_bounds.rs,0.000,0.000,0.000,0.000,true
0059_match_arms_commas.rs,0.000,0.000,0.000,0.000,true
0181_generic_param_attribute.rs,0.000,0.000,0.000,0.000,true
0042_call_expr.rs,0.000,0.000,0.000,0.000,true
0008_path_part.rs,0.000,0.000,0.000,0.000,true
0072_return_expr.rs,0.000,0.000,0.000,0.000,true
0095_placeholder_pat.rs,0.000,0.000,0.000,0.000,true
0174_use_tree_star.rs,0.000,0.000,0.000,0.000,true
0017_array_type.rs,0.000,0.000,0.000,0.000,true
0147_macro_def.rs,0.000,0.000,0.000,0.000,true
0173_anonymous_const.rs,0.000,0.000,0.000,0.000,true
0139_param_outer_arg.rs,0.000,0.000,0.000,0.000,true
0177_use_tree_path.rs,0.000,0.000,0.000,0.000,true
0114_tuple_struct_where.rs,0.000,0.000,0.000,0.000,true
0032_fn_pointer_type.rs,0.000,0.000,0.000,0.000,true
0079_impl_item.rs,0.000,0.000,0.000,0.000,true
0159_yield_expr.rs,0.000,0.000,0.000,0.000,true
0166_half_open_range_pat.rs,0.000,0.000,0.000,0.000,true
0161_labeled_block.rs,0.000,0.000,0.000,0.000,true
0080_postfix_range.rs,0.000,0.000,0.000,0.000,true
0154_fn_pointer_param_ident_path.rs,0.000,0.000,0.000,0.000,true
0112_bind_pat.rs,0.000,0.000,0.000,0.000,true
0150_impl_type_params.rs,0.000,0.000,0.000,0.000,true
0021_assoc_item_list.rs,0.000,0.000,0.000,0.000,true
0111_tuple_pat.rs,0.000,0.000,0.000,0.000,true
0151_fn.rs,0.000,0.000,0.000,0.000,true
0125_record_literal_field_with_attr.rs,0.000,0.000,0.000,0.000,true
0026_tuple_pat_fields.rs,0.000,0.000,0.000,0.000,true
0170_tuple_struct.rs,0.000,0.000,0.000,0.000,true
0071_match_expr.rs,0.000,0.000,0.000,0.000,true
0107_method_call_expr.rs,0.000,0.000,0.000,0.000,true
0027_ref_pat.rs,0.000,0.000,0.000,0.000,true
0157_fn_pointer_unnamed_arg.rs,0.000,0.000,0.000,0.000,true
0055_literal_pattern.rs,0.000,0.000,0.000,0.000,true
0056_where_clause.rs,0.000,0.000,0.000,0.000,true
0029_cast_expr.rs,0.000,0.000,0.000,0.000,true
0096_no_semi_after_block.rs,0.000,0.000,0.000,0.000,true
0130_try_block_expr.rs,0.000,0.000,0.000,0.000,true
0129_marco_pat.rs,0.000,0.000,0.000,0.000,true
0061_record_lit.rs,0.000,0.000,0.000,0.000,true
0012_type_item_where_clause.rs,0.000,0.000,0.000,0.000,true
0019_unary_expr.rs,0.000,0.000,0.000,0.000,true
0085_expr_literals.rs,0.000,0.000,0.000,0.000,true
0194_let_stmt_ascription.rs,0.000,0.000,0.000,0.000,true
0186_lifetime_arg.rs,0.000,0.000,0.000,0.000,true
0168_extern_crate_rename.rs,0.000,0.000,0.000,0.000,true
0033_reference_type;.rs,0.000,0.000,0.000,0.000,true
0115_tuple_field_attrs.rs,0.000,0.000,0.000,0.000,true
0023_placeholder_type.rs,0.000,0.000,0.000,0.000,true
0118_match_guard.rs,0.000,0.000,0.000,0.000,true
0187_assoc_type_eq.rs,0.000,0.000,0.000,0.000,true
0099_param_list.rs,0.000,0.000,0.000,0.000,true
0044_block_items.rs,0.000,0.000,0.000,0.000,true
0106_lambda_expr.rs,0.000,0.000,0.000,0.000,true
0191_const_arg_negative_number.rs,0.000,0.000,0.000,0.000,true
0134_nocontentexpr_after_item.rs,0.000,0.000,0.000,0.000,true
0090_type_param_default.rs,0.000,0.000,0.000,0.000,true
0172_record_field_list.rs,0.000,0.000,0.000,0.000,true
0031_while_expr.rs,0.000,0.000,0.000,0.000,true
0160_try_macro_rules.rs,0.000,0.000,0.000,0.000,true
0179_use_tree_abs_star.rs,0.000,0.000,0.000,0.000,true
0041_trait_item.rs,0.000,0.000,0.000,0.000,true
0156_const_block_pat.rs,0.000,0.000,0.000,0.000,true
0108_tuple_expr.rs,0.000,0.000,0.000,0.000,true
0103_array_expr.rs,0.000,0.000,0.000,0.000,true
0126_attr_on_expr_stmt.rs,0.000,0.000,0.000,0.000,true
0146_as_precedence.rs,0.000,0.000,0.000,0.000,true
0100_for_expr.rs,0.000,0.000,0.000,0.000,true
0002_use_tree_list.rs,0.000,0.000,0.000,0.000,true
0060_extern_crate.rs,0.000,0.000,0.000,0.000,true
0065_dyn_trait_type.rs,0.000,0.000,0.000,0.000,true
0168_extern_crate_self.rs,0.000,0.000,0.000,0.000,true
0173_union_item.rs,0.000,0.000,0.000,0.000,true
0015_use_tree.rs,0.000,0.000,0.000,0.000,true
0023_static_items.rs,0.000,0.000,0.000,0.000,true
0054_qual_path_in_type_arg.rs,0.000,0.000,0.000,0.000,true
0037_mod.rs,0.000,0.000,0.000,0.000,true
0052_for_range_block.rs,0.000,0.000,0.000,0.000,true
0061_match_full_range.rs,0.000,0.000,0.000,0.000,true
0031_extern.rs,0.000,0.000,0.000,0.000,true
0028_operator_binding_power.rs,0.000,0.000,0.000,0.000,true
0062_macro_2.0.rs,0.000,0.000,0.000,0.000,true
0032_where_for.rs,0.000,0.000,0.000,0.000,true
0042_ufcs_call_list.rs,0.000,0.000,0.000,0.000,true
0049_async_block.rs,0.000,0.000,0.000,0.000,true
0045_block_attrs.rs,0.000,0.000,0.000,0.000,true
0002_struct_item_field.rs,0.000,0.000,0.000,0.000,true
0013_use_path_self_super.rs,0.000,0.000,0.000,0.000,true
0000_empty.rs,0.000,0.000,0.000,0.000,true
0038_where_pred_type.rs,0.000,0.000,0.000,0.000,true
0067_where_for_pred.rs,0.000,0.000,0.000,0.000,true
0060_as_range.rs,0.000,0.000,0.000,0.000,true
0004_file_shebang.rs,0.000,0.000,0.000,0.000,true
0070_expr_attr_placement.rs,0.000,0.000,0.000,0.000,true
0027_unsafe_fn_in_block.rs,0.000,0.000,0.000,0.000,true
0039_raw_fn_item.rs,0.000,0.000,0.000,0.000,true
0022_empty_extern_block.rs,0.000,0.000,0.000,0.000,true
0048_compound_assignment.rs,0.000,0.000,0.000,0.000,true
0001_struct_item.rs,0.000,0.000,0.000,0.000,true
0040_raw_struct_item_field.rs,0.000,0.000,0.000,0.000,true
0011_outer_attribute.rs,0.000,0.000,0.000,0.000,true
0018_struct_type_params.rs,0.000,0.000,0.000,0.000,true
0012_visibility.rs,0.000,0.000,0.000,0.000,true
0016_struct_flavors.rs,0.000,0.000,0.000,0.000,true
0005_fn_item.rs,0.000,0.000,0.000,0.000,true
0025_extern_fn_in_block.rs,0.000,0.000,0.000,0.000,true
0034_crate_path_in_call.rs,0.000,0.000,0.000,0.000,true
0026_const_fn_in_block.rs,0.000,0.000,0.000,0.000,true
0030_string_suffixes.rs,0.000,0.000,0.000,0.000,true
0014_use_tree.rs,0.000,0.000,0.000,0.000,true
0006_inner_attributes.rs,0.000,0.000,0.000,0.000,true
0065_plus_after_fn_trait_bound.rs,0.000,0.000,0.000,0.000,true
0008_mod_item.rs,0.000,0.000,0.000,0.000,true
0064_impl_fn_params.rs,0.000,0.000,0.000,0.000,true
0056_neq_in_type.rs,0.000,0.000,0.000,0.000,true
0029_range_forms.rs,0.000,0.000,0.000,0.000,true
0020_type_param_bounds.rs,0.000,0.000,0.000,0.000,true
0033_label_break.rs,0.000,0.000,0.000,0.000,true
0035_weird_exprs.rs,0.000,0.000,0.000,0.000,true
0010_use_path_segments.rs,0.000,0.000,0.000,0.000,true
0044_let_attrs.rs,0.000,0.000,0.000,0.000,true
0058_unary_expr_precedence.rs,0.000,0.000,0.000,0.000,true
0046_extern_inner_attributes.rs,0.000,0.000,0.000,0.000,true
0019_enums.rs,0.000,0.000,0.000,0.000,true
0009_use_item.rs,0.000,0.000,0.000,0.000,true
0043_complex_assignment.rs,0.000,0.000,0.000,0.000,true
0068_item_modifiers.rs,0.000,0.000,0.000,0.000,true
0051_parameter_attrs.rs,0.000,0.000,0.000,0.000,true
0057_loop_in_call.rs,0.000,0.000,0.000,0.000,true
0041_raw_keywords.rs,0.000,0.000,0.000,0.000,true
0030_traits.rs,0.000,0.000,0.000,0.000,true
0063_trait_fn_patterns.rs,0.000,0.000,0.000,0.000,true
0071_stmt_attr_placement.rs,0.000,0.000,0.000,0.000,true
0017_attr_trailing_comma.rs,0.000,0.000,0.000,0.000,true
0047_minus_in_inner_pattern.rs,0.000,0.000,0.000,0.000,true
0059_loops_in_parens.rs,0.000,0.000,0.000,0.000,true
0069_multi_trait_object.rs,0.000,0.000,0.000,0.000,true
0050_async_block_as_argument.rs,0.000,0.000,0.000,0.000,true
0066_default_modifier.rs,0.000,0.000,0.000,0.000,true
0036_fully_qualified.rs,0.000,0.000,0.000,0.000,true
0065_comment_newline.rs,0.000,0.000,0.000,0.000,true
0053_outer_attribute_on_macro_rules.rs,0.000,0.000,0.000,0.000,true
0055_dot_dot_dot.rs,0.000,0.000,0.000,0.000,true
0007_extern_crate.rs,0.000,0.000,0.000,0.000,true
0063_variadic_fun.rs,0.000,0.000,0.000,0.000,true
0024_const_item.rs,0.000,0.000,0.000,0.000,true
unclosed_byte_with_ferris.rs,0.000,0.000,0.000,0.000,true
unclosed_byte_string_with_slash.rs,0.000,0.000,0.000,0.000,true
unclosed_nested_block_comment_entirely.rs,0.000,0.000,0.000,0.000,true
empty_exponent.rs,0.000,0.000,0.000,0.000,true
unclosed_byte_string_with_slash_n.rs,0.000,0.000,0.000,0.000,true
unclosed_char_with_slash.rs,0.000,0.000,0.000,0.000,true
unclosed_string_with_space.rs,0.000,0.000,0.000,0.000,true
empty_int.rs,0.000,0.000,0.000,0.000,true
unclosed_raw_string_with_ascii_escape.rs,0.000,0.000,0.000,0.000,true
unclosed_char_with_space.rs,0.000,0.000,0.000,0.000,true
unclosed_string_with_slash_double_quote.rs,0.000,0.000,0.000,0.000,true
unclosed_string_with_ascii_escape.rs,0.000,0.000,0.000,0.000,true
unclosed_block_comment_at_eof.rs,0.000,0.000,0.000,0.000,true
unclosed_byte_string_at_eof.rs,0.000,0.000,0.000,0.000,true
unclosed_raw_byte_string_with_unicode_escape.rs,0.000,0.000,0.000,0.000,true
unclosed_byte_at_eof.rs,0.000,0.000,0.000,0.000,true
unclosed_byte_with_ascii_escape.rs,0.000,0.000,0.000,0.000,true
unclosed_raw_string_at_eof.rs,0.000,0.000,0.000,0.000,true
unclosed_raw_string_with_ferris.rs,0.000,0.000,0.000,0.000,true
unclosed_string_at_eof.rs,0.000,0.000,0.000,0.000,true
unclosed_raw_string_with_space.rs,0.000,0.000,0.000,0.000,true
unclosed_string_with_slash_n.rs,0.000,0.000,0.000,0.000,true
unclosed_byte_with_slash.rs,0.000,0.000,0.000,0.000,true
unclosed_char_with_ascii_escape.rs,0.000,0.000,0.000,0.000,true
unclosed_byte_string_with_space.rs,0.000,0.000,0.000,0.000,true
unstarted_raw_byte_string_with_ascii.rs,0.000,0.000,0.000,0.000,true
unclosed_char_with_ferris.rs,0.000,0.000,0.000,0.000,true
unclosed_raw_byte_string_at_eof.rs,0.000,0.000,0.000,0.000,true
unclosed_char_with_slash_n.rs,0.000,0.000,0.000,0.000,true
unstarted_raw_byte_string_at_eof.rs,0.000,0.000,0.000,0.000,true
unclosed_raw_string_with_unicode_escape.rs,0.000,0.000,0.000,0.000,true
unclosed_byte_string_with_ferris.rs,0.000,0.000,0.000,0.000,true
unclosed_raw_byte_string_with_space.rs,0.000,0.000,0.000,0.000,true
unclosed_string_with_unicode_escape.rs,0.000,0.000,0.000,0.000,true
unclosed_nested_block_comment_partially.rs,0.000,0.000,0.000,0.000,true
unstarted_raw_string_with_ascii.rs,0.000,0.000,0.000,0.000,true
lifetime_starts_with_a_number.rs,0.000,0.000,0.000,0.000,true
unclosed_raw_byte_string_with_ascii_escape.rs,0.000,0.000,0.000,0.000,true
unclosed_raw_byte_string_with_slash.rs,0.000,0.000,0.000,0.000,true
unclosed_string_with_ferris.rs,0.000,0.000,0.000,0.000,true
unclosed_char_at_eof.rs,0.000,0.000,0.000,0.000,true
unclosed_byte_with_slash_single_quote.rs,0.000,0.000,0.000,0.000,true
unclosed_byte_string_with_unicode_escape.rs,0.000,0.000,0.000,0.000,true
unclosed_byte_with_space.rs,0.000,0.000,0.000,0.000,true
unclosed_raw_string_with_slash.rs,0.000,0.000,0.000,0.000,true
unclosed_string_with_slash.rs,0.000,0.000,0.000,0.000,true
unclosed_char_with_slash_single_quote.rs,0.000,0.000,0.000,0.000,true
unclosed_byte_string_with_slash_double_quote.rs,0.000,0.000,0.000,0.000,true
unclosed_byte_with_slash_n.rs,0.000,0.000,0.000,0.000,true
unstarted_raw_string_at_eof.rs,0.000,0.000,0.000,0.000,true
unclosed_block_comment_with_content.rs,0.000,0.000,0.000,0.000,true
unclosed_raw_byte_string_with_ferris.rs,0.000,0.000,0.000,0.000,true
unclosed_byte_string_with_ascii_escape.rs,0.000,0.000,0.000,0.000,true
unclosed_raw_byte_string_with_slash_n.rs,0.000,0.000,0.000,0.000,true
unclosed_char_with_unicode_escape.rs,0.000,0.000,0.000,0.000,true
unclosed_raw_string_with_slash_n.rs,0.000,0.000,0.000,0.000,true
unclosed_byte_with_unicode_escape.rs,0.000,0.000,0.000,0.000,true
ident.rs,0.000,0.000,0.000,0.000,true
raw_strings.rs,0.000,0.000,0.000,0.000,true
symbols.rs,0.000,0.000,0.000,0.000,true
single_line_comments.rs,0.000,0.000,0.000,0.000,true
block_comment.rs,0.000,0.000,0.000,0.000,true
raw_ident.rs,0.000,0.000,0.000,0.000,true
numbers.rs,0.000,0.000,0.000,0.000,true
whitespace.rs,0.000,0.000,0.000,0.000,true
hello.rs,0.000,0.000,0.000,0.000,true
strings.rs,0.000,0.000,0.000,0.000,true
keywords.rs,0.000,0.000,0.000,0.000,true
byte_strings.rs,0.000,0.000,0.000,0.000,true
lifetimes.rs,0.000,0.000,0.000,0.000,true
chars.rs,0.000,0.000,0.000,0.000,true
google_cpu_profiler.rs,0.000,0.000,0.000,0.000,true
lib.rs,0.000,0.000,0.000,0.000,true
lib.rs,0.000,0.000,0.000,0.000,true
lib.rs,0.000,0.000,0.000,0.000,true
lib.rs,0.000,0.000,0.000,0.000,true
lib.rs,0.000,0.000,0.000,0.000,true
lib.rs,0.000,0.000,0.000,0.000,true
lib.rs,0.000,0.000,0.000,0.000,true
lib.rs,0.000,0.000,0.000,0.000,true
lib.rs,0.000,0.000,0.000,0.000,true
lib.rs,0.000,0.000,0.000,0.000,true
lib.rs,0.000,0.000,0.000,0.000,true
diagnostics.rs,0.000,0.000,0.000,0.000,true
reparse.rs,0.000,0.000,0.000,0.000,true
parser.rs,0.000,0.000,0.000,0.000,true
0000.rs,0.000,0.000,0.000,0.000,true
0003.rs,0.000,0.000,0.000,0.000,true
0001.rs,0.000,0.000,0.000,0.000,true
0002.rs,0.000,0.000,0.000,0.000,true
0004.rs,0.000,0.000,0.000,0.000,true
0046_mutable_const_item.rs,0.000,0.000,0.000,0.000,true
0037_visibility_in_traits.rs,0.000,0.000,0.000,0.000,true
0038_endless_inclusive_range.rs,0.000,0.000,0.000,0.000,true
0031_block_inner_attrs.rs,0.000,0.000,0.000,0.000,true
0045_ambiguous_trait_object.rs,0.000,0.000,0.000,0.000,true
0040_illegal_crate_kw_location.rs,0.000,0.000,0.000,0.000,true
0041_illegal_self_keyword_location.rs,0.000,0.000,0.000,0.000,true
0000_truncated_add.rs,0.000,0.000,0.000,0.000,true
0000_add.rs,0.000,0.000,0.000,0.000,true
0000_semicolon.rs,0.000,0.000,0.000,0.000,true
0000_multiple_stmts.rs,0.000,0.000,0.000,0.000,true
0000_open_parenthesis.rs,0.000,0.000,0.000,0.000,true
0000_unterminated_expr.rs,0.000,0.000,0.000,0.000,true
0000_attr.rs,0.000,0.000,0.000,0.000,true
0000_expr.rs,0.000,0.000,0.000,0.000,true
0000_macro_let_stmt.rs,0.000,0.000,0.000,0.000,true
0000_macro_unterminated_let_stmt.rs,0.000,0.000,0.000,0.000,true
0000_struct_item.rs,0.000,0.000,0.000,0.000,true
0000_unterminated_let_stmt.rs,0.000,0.000,0.000,0.000,true
0000_expr_block.rs,0.000,0.000,0.000,0.000,true
0000_let_stmt.rs,0.000,0.000,0.000,0.000,true
0000_unterminated_fn_call.rs,0.000,0.000,0.000,0.000,true
0000_fn_call.rs,0.000,0.000,0.000,0.000,true
0000_extra_keyword.rs,0.000,0.000,0.000,0.000,true
0000_fn.rs,0.000,0.000,0.000,0.000,true
0000_reserved_word.rs,0.000,0.000,0.000,0.000,true
0001_expression.rs,0.000,0.000,0.000,0.000,true
0000_single_ident.rs,0.000,0.000,0.000,0.000,true
0001_multipart.rs,0.000,0.000,0.000,0.000,true
0000_missing_close.rs,0.000,0.000,0.000,0.000,true
0000_result.rs,0.000,0.000,0.000,0.000,true
0000_reserved_word.rs,0.000,0.000,0.000,0.000,true
0001_missing_paren.rs,0.000,0.000,0.000,0.000,true
0000_enum.rs,0.000,0.000,0.000,0.000,true
0000.rs,0.000,0.000,0.000,0.000,true
0003.rs,0.000,0.000,0.000,0.000,true
0001.rs,0.000,0.000,0.000,0.000,true
0005.rs,0.000,0.000,0.000,0.000,true
0002.rs,0.000,0.000,0.000,0.000,true
0004.rs,0.000,0.000,0.000,0.000,true
TOTAL FILES IGNORED,458,,,,
